category,domain,auroc,n_images,n_normal,n_anomaly,detector_hash,evaluation_seconds
bottle,dark,0.5349206349206349,83,20,63,5368ac52541f26ba477615354f5e08c9d153fa7b3faf938e8ef4afffb2d8f0b6,2.30240860000049
bottle,mirnetv2,0.6777777777777777,83,20,63,5368ac52541f26ba477615354f5e08c9d153fa7b3faf938e8ef4afffb2d8f0b6,2.2018900999973994
bottle,icra,0.6531746031746032,83,20,63,5368ac52541f26ba477615354f5e08c9d153fa7b3faf938e8ef4afffb2d8f0b6,2.1575760999985505
cable,dark,0.4353448275862069,150,58,92,d287de038ae0503acef12bd2890a0cb0aa187840100a094eea6ed814fa1cb8d7,5.13783539999713
cable,mirnetv2,0.450712143928036,150,58,92,d287de038ae0503acef12bd2890a0cb0aa187840100a094eea6ed814fa1cb8d7,5.190950999996858
cable,icra,0.48819340329835076,150,58,92,d287de038ae0503acef12bd2890a0cb0aa187840100a094eea6ed814fa1cb8d7,5.075473800003238
capsule,dark,0.5277223773434384,132,23,109,ff0f0b14186344445742999a369fab68464409efb134fef75bdb426283270e9d,4.365837800003646
capsule,mirnetv2,0.49421619465496613,132,23,109,ff0f0b14186344445742999a369fab68464409efb134fef75bdb426283270e9d,4.131501800002297
capsule,icra,0.44036697247706424,132,23,109,ff0f0b14186344445742999a369fab68464409efb134fef75bdb426283270e9d,4.349194100002933
carpet,dark,0.6617174959871589,117,28,89,15b7bcc6e5cb8ed7fff7a2e42eb2db2385dda5fd277743feb1ed277bdb41190d,4.231937399999879
carpet,mirnetv2,0.6079454253611556,117,28,89,15b7bcc6e5cb8ed7fff7a2e42eb2db2385dda5fd277743feb1ed277bdb41190d,4.199883099994622
carpet,icra,0.6015248796147672,117,28,89,15b7bcc6e5cb8ed7fff7a2e42eb2db2385dda5fd277743feb1ed277bdb41190d,4.057435700000497
grid,dark,0.3801169590643275,78,21,57,4c860a56fb4b1a7a5d90573f30f730f73c83b716af3b05a478c47525dcf779b2,2.7137985000008484
grid,mirnetv2,0.4277360066833751,78,21,57,4c860a56fb4b1a7a5d90573f30f730f73c83b716af3b05a478c47525dcf779b2,2.671342400004505
grid,icra,0.36675020885547205,78,21,57,4c860a56fb4b1a7a5d90573f30f730f73c83b716af3b05a478c47525dcf779b2,2.676608200003102
hazelnut,dark,0.5607142857142857,110,40,70,f3e6e641daaac78384b27cf36a836cbb168a060799de8c91a92216bae0002ade,3.59533470000315
hazelnut,mirnetv2,0.45035714285714284,110,40,70,f3e6e641daaac78384b27cf36a836cbb168a060799de8c91a92216bae0002ade,3.860766199999489
hazelnut,icra,0.445,110,40,70,f3e6e641daaac78384b27cf36a836cbb168a060799de8c91a92216bae0002ade,3.475701499999559
leather,dark,0.5370244565217391,124,32,92,5148eb4aade700e5d9e671c10b7a3c454aefb6e29c75b3042c1a352bb33e1aae,4.196968199998082
leather,mirnetv2,0.5716711956521738,124,32,92,5148eb4aade700e5d9e671c10b7a3c454aefb6e29c75b3042c1a352bb33e1aae,4.275860299996566
leather,icra,0.5696331521739131,124,32,92,5148eb4aade700e5d9e671c10b7a3c454aefb6e29c75b3042c1a352bb33e1aae,4.245849699997052
metal_nut,dark,0.7038123167155426,115,22,93,1eba2448649683f43493f9c9ed1de303e6205cf457ecb352643069d528d0a349,1.8684521000031964
metal_nut,mirnetv2,0.5029325513196481,115,22,93,1eba2448649683f43493f9c9ed1de303e6205cf457ecb352643069d528d0a349,1.8568720999974175
metal_nut,icra,0.5019550342130987,115,22,93,1eba2448649683f43493f9c9ed1de303e6205cf457ecb352643069d528d0a349,1.9507817999983672
pill,dark,0.31260229132569556,167,26,141,16c7632d1aac319d2d3e9d2c8315de4b56b42a4d19fa270efabe351730277d90,3.655296700002509
pill,mirnetv2,0.6260229132569559,167,26,141,16c7632d1aac319d2d3e9d2c8315de4b56b42a4d19fa270efabe351730277d90,3.5250773999941885
pill,icra,0.5559192580469176,167,26,141,16c7632d1aac319d2d3e9d2c8315de4b56b42a4d19fa270efabe351730277d90,3.4503624999997555
screw,dark,0.3344947735191638,160,41,119,0af9fb99986e3382b5b2e38ddc9e890629415d9dd567f0c6fccfb5aaa740ecec,5.500958599994192
screw,mirnetv2,0.14818610370977658,160,41,119,0af9fb99986e3382b5b2e38ddc9e890629415d9dd567f0c6fccfb5aaa740ecec,5.395549299995764
screw,icra,0.4287763886042222,160,41,119,0af9fb99986e3382b5b2e38ddc9e890629415d9dd567f0c6fccfb5aaa740ecec,5.337990899999568
tile,dark,0.48160173160173164,117,33,84,163610ee343c2ae22902639fd2d69341f427f214a7fdf7eab3fa1e6fb7261ad5,2.878314900000987
tile,mirnetv2,0.35678210678210676,117,33,84,163610ee343c2ae22902639fd2d69341f427f214a7fdf7eab3fa1e6fb7261ad5,2.8519451999964076
tile,icra,0.7178932178932179,117,33,84,163610ee343c2ae22902639fd2d69341f427f214a7fdf7eab3fa1e6fb7261ad5,2.8575225999957183
toothbrush,dark,0.5722222222222222,42,12,30,06ff155c0bfad2cd84883d79f6f4e4852d654d725dc896faa0ebf39a1d8334ce,1.4266238999989582
toothbrush,mirnetv2,0.4166666666666667,42,12,30,06ff155c0bfad2cd84883d79f6f4e4852d654d725dc896faa0ebf39a1d8334ce,1.4407375000009779
toothbrush,icra,0.6277777777777778,42,12,30,06ff155c0bfad2cd84883d79f6f4e4852d654d725dc896faa0ebf39a1d8334ce,1.3951398999997764
transistor,dark,0.5166666666666666,100,60,40,04e5d8547b2409ce52fb75d4e0117ffc07b10ddf21697c2c6ef8af7cad123ec2,3.3790662000028533
transistor,mirnetv2,0.5245833333333333,100,60,40,04e5d8547b2409ce52fb75d4e0117ffc07b10ddf21697c2c6ef8af7cad123ec2,3.534179399997811
transistor,icra,0.5408333333333333,100,60,40,04e5d8547b2409ce52fb75d4e0117ffc07b10ddf21697c2c6ef8af7cad123ec2,3.4175007000012556
wood,dark,0.5035087719298247,79,19,60,2151bed8fa1538e2cb83f95ec78b322c49b507f639b8a78f8609243f6127f34e,2.746307000001252
wood,mirnetv2,0.5763157894736842,79,19,60,2151bed8fa1538e2cb83f95ec78b322c49b507f639b8a78f8609243f6127f34e,2.636935700000322
wood,icra,0.5921052631578948,79,19,60,2151bed8fa1538e2cb83f95ec78b322c49b507f639b8a78f8609243f6127f34e,2.7239033000005293
zipper,dark,0.48188025210084034,151,32,119,a581fce1e3c236826600d7aa3437cdf92f99a3480c2b52a8cb11c1966f2e5ef8,5.465643399998953
zipper,mirnetv2,0.506827731092437,151,32,119,a581fce1e3c236826600d7aa3437cdf92f99a3480c2b52a8cb11c1966f2e5ef8,5.094643600001291
zipper,icra,0.5084033613445378,151,32,119,a581fce1e3c236826600d7aa3437cdf92f99a3480c2b52a8cb11c1966f2e5ef8,4.923279399998137
